Dru,PH
Den,PH
Offcast,US
D3v,ph
KR|Swordy,PH
Lord Jerald,PH
Iori Sei / Reiji,JP
Ricardo Fellini,IT
PPSE|Meijin Kawagchi III,JP
PPSE|Meijin Kawaguchi III,JP
GPTV|Iori Sei / Reiji,JP
Stonehead,PH
Lord Jherald,PH
BTAS|Hamill,US
BTAS|Conroy,AU
D3V,PH
JAV KRIMPAI,PH
Test,Ireland
krimpai,PH
d3v,ph
Prabu,th
pr.abu,th
momochi,JP
xian,sg
Blickwinkel,PH
IPT.Mcarthur,PH
Doom,Ireland
aj,Ireland
BVD,Ireland
BVDbdvvdvdfdf,Ireland
gdjkhglkjdfhlgf,United Kingdom
dshkldfjghlkjdfgl,Ireland
ayjayirl,Ireland
Casuals,Ireland
Games,Ireland
p1,Ireland
p2,
Corey Bell,United Kingdom
Michael Brolly,United Kingdom
As1 Doon,Ireland
Pearse Mcglaughlan,Ireland
As1 Doom,Ireland
Spriral,Ireland
David,United Kingdom
Philnoobslayer,
Big Willie Campbell,United Kingdom
Patrick Connelly,
Scott McCoulough,
Patrick Conlon,United Kingdom
Scott Mccullagh,
Alice,
Ayjay,Ireland
Kacper,
Reflect Nutrient,
Reflex Nutrient,Ireland
Kacper the friendly ghost,Poland
Calab,
Piotr,United Kingdom
Reflex| Nutrient,taiwan
Matthew,
Sway,
Adam Tood,
Adam Todd,
Mikenyan,Ireland
SADX,United Kingdom
Fake Roogle,Ireland
As1 Ayjayirl,Ireland
Simon THE TRUTH Lau,Ireland
REFLEX Nutrient,Ireland
Lewis Reilly,United Kingdom
MikeNyan,Ireland
Mike Nyan,Ireland
Yreval,Ireland
Ayjayirl,Ireland
BRollinator,United Kingdom
Spiriral,Ireland
Spriralirl,Ireland
nUTRIENT,Ireland
DOOM,Ireland
REFLEX|nUTRIENT,Ireland
Stream Test,Ireland
It's a lonely town,United Kingdom
Nutrient trying,Ireland
Bot,Ireland
Ianmctetley,United Kingdom
Newtype,United Kingdom
Ian McTetley,Ireland
2-XL,Ireland
RIZE Cobelcog,Ireland
Mantas,Ireland
Ladnopoka,Ireland
Nutrient,Ireland
Freegus,Ireland
Ian McTetly,Ireland
Roogle,china
Tetley,Ireland
Feregus,Ireland
RISE Cobelcog,Ireland
CKT Fergus,Ireland
FH Mike,Ireland
MauMat,Ireland
Mau5Mat,Ireland
ayjayir,
Chopper,Ireland
DS Ladnopoka,Ireland
FH HailtotheKrab,Ireland
Blag,Ireland
AS1 Doom,Ireland
Dr Sloane,Ireland
Greasy Nuts,Ireland
Greasy Nuts aka Cork Logan,Ireland
Greasy Nuts aka C Logan,Ireland
Deskmenu,Ireland
Brickterium,Ireland
FH DanSim,Ireland
Gizmo,United Kingdom
AS1Doom,Ireland
Gizmo (Button Check),Ireland
AS1 Doom  (Button Check),Ireland
AS1 Doom ,Ireland
Blag ,Ireland
Steez,Ireland
Super Platnum Steez,Ireland
Super Platinum Steez,Ireland
Steezbeast,Ireland
Bricterium,Ireland
FH Brickterium,Ireland
flibble,sc
Player 1,Ireland
Player 2,Ireland
Happy Toaster,Ireland
Ryan Hart,United Kingdom
FA D4RK ONION,Ireland
AS1 DooM,Ireland
Silver Steez,Ireland
FH Dansim,Ireland
MBR,Netherlands
Magical2hugirl,Ireland
Gorysnake,Ireland
MD Mister Crimson,France
The Witch,Ireland
Darah,Ireland
FH Angryman,Ireland
As1 Ladnopoka,Ireland
Praisethesun,Ireland
Brian (not scottish),Ireland
Euphoria,Ireland
BTM Brian,United Kingdom
Rize BTM Brian,United Kingdom
Rize Brian,United Kingdom
MD|Mister Crimson,France
Rize| Brian,United Kingdom
AWS|Akainu,France
Owmykneecaps,Ireland
PxP ProblemX,United Kingdom
FH|Mike,Ireland
PRLS|0Naught,United Kingdom
FH JabberJayJay,Ireland
Craig McCabe,Ireland
PXP Problem X,United Kingdom
Charlie,Ireland
Youngdibs,Ireland
Gilga,Ireland
RB| Luffy,France
Gilga13,Ireland
Nightcross,Belgium
GIlga12,Ireland
Melty Genius,France
EG K Brad,usa
IND|RDE|Gillstolemyride,IT
Ladose Double U,France
PRLS| AFII,United Kingdom
FH Apacz,Ireland
LoganSama,United Kingdom
ECV|RSV|CharminRogue,Netherlands
Grahamn Muir,Ireland
Rize|CobelCog,Ireland
Javalupo,brazil
AWS|CCL,Belgium
MsCupcakes,Ireland
Xanfel,Ireland
Sh4rin,Spain
Fireproofflame,Ireland
PaddyC,Ireland
Heart3,United Kingdom
PRLS PAckz,United Kingdom
James ,Ireland
ECV|RSV|CharmingRogue,France
Grahamme Muir,Scotland
PRLS Packz,United Kingdom
Heart,United Kingdom
Hulk & Banner,Ireland
Other Team,Ireland
BulbalStoleMyRide,Ireland
Gundam Star Heroes,United Kingdom
Nightcross & Melty Genius,France
AWS|CCL & Akainu,Belgium
Mika & Nashdesko,Ireland
JazzyNYC,United Kingdom
RB| Luffy & Mr. Crimson,France
MBR & CharmingRogue,Netherlands
Peri Peri Boys,United Kingdom
Meltdown Mr. Crimson,Netherlands
Ryan HArt,United Kingdom
Unemployed Astronuts,United Kingdom
Melty Mr. Crimson,Netherlands
CrimsonLuffy,France
Hart Foundation,United Kingdom
EG K-Brad,USA
Rize Cobelcog ,Ireland
RB| Luffy (W),France
RB| Luffy ,France
Keithient,Ireland
Azza,Ireland
Stevey,Ireland
Neilo,Ireland
Ajay,Ireland
Cobelcog,Ireland
Dr Doom,Ireland
Azza ,Ireland
Fergus,Ireland
Mscupcakes,Ireland
CKT Fergu,Ireland
2XL ,Ireland
Duff,Ireland
Kevin,Ireland
Dylan,Ireland
Superchar,Ireland
YOURkenyan,Ireland
Dreddy,Ireland
2XL,Ireland
GMC Marcus,Ireland
Keith,Ireland
Marcus,Ireland
SuperChar,Ireland
/duff,Ireland
/dylan,Ireland
/Dreddy,Ireland
doom ,Ireland
CTurtle,Ireland
KID,Ireland
OldManG,Ireland
Skarfelt,Ireland
Jeshter,Ireland
@GhostfaceColly,Ireland
BlueSerpent,Ireland
HackleSerpent,Ireland
BluePersil,Ireland
Jesher,Ireland
Jonty,Ireland
Lupin 3,Ireland
Pete,Ireland
KOL,Ireland
Haunter,Ireland
Ghoul,Ireland
Lultam,Ireland
An2,Ireland
Roo,Ireland
Bengay,Ireland
Lupin,Ireland
Lultan,Ireland
stone cold,Ireland
michael collins,Ireland
Sarah,Ireland
Colm,Ireland
Mickey Jo Heartless,Ireland
AsOne Ayjayril,Ireland
A1 Ayjayril,Ireland
A1 Rachel,Ireland
FH Maxweaponage,Ireland
FH Max Weaponage,Ireland
A1 Doom,Ireland
Colm Witts,Ireland
A1 Sharon Doom,Ireland
Koopa,Ireland
BP,Ireland
Mistah Thug,Ireland
Mistah Thug$$$,Ireland
Jesh,Ireland
BP / OldmanG,Ireland
Koopa /Jesh,Ireland
Mista Thug / OldmanG,Ireland
TEST,Ireland
Gabe,Ireland
Seamus,Ireland
Sp00n,Ireland
DJ Casey,Ireland
Hexide,Ireland
LiabilityW,Ireland
Sabrina,Ireland
Paddy,Ireland
SabrinaBeast,Ireland
paddy,Ireland
DJCasey,Ireland
Delta,Ireland
AS1 Nutrient,Ireland
A1 Nutrient,Ireland
Firebreather,Ireland
Naphiel,Ireland
As1 Nutrient,Ireland
Collie,Ireland
Jabber Jayjay,Ireland
Toadee,Ireland
JabberJayJay,Ireland
Meganyan,Ireland
Gilgatwelve,Ireland
CKTFergus,Ireland
Skippy Rook,Ireland
Spoon,Ireland
Blue Persil,Ireland
Arikado,Ireland
Mandamus,Ireland
Hackel Serpent,Ireland
Lythero,Ireland
Madness,Ireland
Mayham,Ireland
Mayhem,Ireland
Moby Malachi,Ireland
Kimmage Ella,Ireland
Killian Mark,Ireland
Marker DP,Ireland
Lythero Andrew,Ireland
Michael Asherz,Ireland
Meganyan AN2,Ireland
HackleSerpent Koopa,Ireland
Malachi Koopa,Ireland
Shyguy King of Legend,Ireland
An2 Toadee,Ireland
Eirtakon Man Lythero,Ireland
Naphiel An2,Ireland
test,Ireland
Napiel,Ireland
Owwmykneecaps,Ireland
Happytoster,Ireland
Ben2Gen,Ireland
Arc Nutrient 16,Ireland
Dan,Ireland
HaunteR,Ireland
Valentine,Ireland
King of Legend,Ireland
KingofLegend,Ireland
Bengay {W},Ireland
Bengay ,Ireland
